time,avail_mb,total_mb,python_mb_excl_user_service,python_procs
07:21:43,3441,16167,20,2
07:21:53,3435,16167,62,4
07:22:04,2634,16167,1050,6
07:22:14,2509,16167,1105,6
07:22:24,2418,16167,1223,6
07:22:34,3157,16167,383,4
07:22:44,3119,16167,430,4
07:22:54,2509,16167,1181,6
07:23:04,2818,16167,1207,6
07:23:15,2793,16167,1231,6
07:23:25,2709,16167,1243,6
07:23:35,2772,16167,1248,6
07:23:45,2717,16167,1254,6
07:23:55,2693,16167,1259,6
07:24:05,2647,16167,1265,6
07:24:16,2560,16167,1271,6
07:24:26,2551,16167,1276,6
07:24:36,2438,16167,1281,6
07:24:46,2008,16167,1287,6
07:24:56,1768,16167,1293,6
07:25:07,1770,16167,1299,6
07:25:17,1719,16167,1305,6
07:25:27,2105,16167,1310,6
07:25:37,2312,16167,1315,6
07:25:47,2199,16167,1321,6
07:25:58,2160,16167,1292,6
07:26:08,2229,16167,1294,6
07:26:18,2320,16167,1300,6
07:26:28,2467,16167,1306,6
07:26:38,2512,16167,1269,6
07:26:49,2523,16167,1269,6
07:26:59,2415,16167,1269,6
07:27:09,2416,16167,1269,6
07:27:19,2361,16167,1269,6
07:27:29,2232,16167,1269,6
07:27:39,2331,16167,1269,6
07:27:50,2377,16167,1270,6
07:28:00,2697,16167,1272,6
07:28:10,2712,16167,1276,6
07:28:20,2740,16167,1279,6
07:28:30,2671,16167,1287,6
07:28:41,2600,16167,1294,6
07:28:51,2777,16167,1302,6
07:29:01,2780,16167,1310,6
07:29:11,2672,16167,1319,6
07:29:21,2676,16167,1329,6
07:29:32,2690,16167,1336,6
07:29:42,2725,16167,1325,6
07:29:52,2736,16167,1308,6
07:30:02,2751,16167,1307,6
07:30:13,2761,16167,1307,6
07:30:23,2744,16167,1307,6
07:30:33,2790,16167,1307,6
07:30:43,2701,16167,1307,6
07:30:53,2704,16167,1307,6
07:31:04,2599,16167,1307,6
07:31:14,2616,16167,1307,6
07:31:24,2626,16167,1307,6
07:31:34,2511,16167,1308,6
07:31:44,2570,16167,1308,6
07:31:54,2495,16167,1308,6
07:32:05,2519,16167,1308,6
07:32:15,2462,16167,1308,6
07:32:25,2355,16167,1308,6
07:32:35,2003,16167,1310,6
07:32:45,2082,16167,1317,6
07:32:56,1830,16167,1324,6
07:33:06,2547,16167,1331,6
07:33:16,2714,16167,1338,6
07:33:26,2689,16167,1345,6
07:33:36,2677,16167,1352,6
07:33:47,2940,16167,1333,6
07:33:57,2666,16167,1303,6
07:34:07,2342,16167,1298,6
07:34:17,2391,16167,1298,6
07:34:27,2341,16167,1298,6
07:34:38,2201,16167,1298,6
07:34:48,2216,16167,1298,6
07:34:58,2113,16167,1298,6
07:35:08,1992,16167,1298,6
07:35:18,2127,16167,1298,6
07:35:29,2039,16167,1298,6
07:35:39,1942,16167,1298,6
07:35:49,1963,16167,1298,6
07:35:59,1896,16167,1298,6
07:36:09,1854,16167,1298,6
07:36:20,1862,16167,1298,6
07:36:30,1880,16167,1298,6
07:36:40,1812,16167,1298,6
07:36:50,2306,16167,1298,6
07:37:00,2735,16167,1298,6
07:37:10,2300,16167,1301,6
07:37:21,2362,16167,1304,6
07:37:31,2197,16167,1307,6
07:37:41,2188,16167,1310,6
07:37:51,2358,16167,1313,6
07:38:01,2504,16167,1316,6
07:38:12,2659,16167,1319,6
07:38:22,2784,16167,1324,6
07:38:32,3380,16167,1326,6
07:38:42,3124,16167,1326,6
07:38:52,3364,16167,1328,6
07:39:02,3313,16167,1330,6
07:39:13,2931,16167,1333,6
07:39:23,2808,16167,1335,6
07:39:33,2702,16167,1379,8
07:39:43,2735,16167,1340,6
07:39:53,2813,16167,1323,6
07:40:04,2576,16167,1323,6
07:40:14,2484,16167,1323,6
07:40:24,2261,16167,1323,6
07:40:34,2452,16167,1323,6
07:40:44,2480,16167,1323,6
07:40:55,2382,16167,1323,6
07:41:05,2251,16167,1323,6
07:41:15,2162,16167,1323,6
07:41:25,2475,16167,1323,6
07:41:35,2502,16167,1323,6
07:41:46,2769,16167,1323,6
07:41:56,2234,16167,1323,6
07:42:06,2068,16167,1324,6
07:42:16,2091,16167,1357,6
07:42:26,2031,16167,1337,6
07:42:37,2110,16167,1316,6
07:42:47,2122,16167,1316,6
07:42:57,1965,16167,1316,6
07:43:07,2336,16167,1316,6
07:43:18,2292,16167,1316,6
07:43:28,2503,16167,1316,6
07:43:38,2547,16167,1316,6
07:43:48,2540,16167,1316,6
07:43:58,2597,16167,1316,6
07:44:09,2604,16167,1316,6
07:44:19,2606,16167,1316,6
07:44:29,2586,16167,1316,6
07:44:39,2580,16167,1316,6
07:44:50,2483,16167,1316,6
07:45:00,2344,16167,1316,6
07:45:10,2335,16167,1316,6
07:45:20,2221,16167,1316,6
07:45:30,2200,16167,1316,6
07:45:41,2266,16167,1316,6
07:45:51,2292,16167,1316,6
07:46:01,2237,16167,1322,6
07:46:11,2197,16167,1318,6
07:46:22,2011,16167,1302,6
07:46:32,2035,16167,1302,6
07:46:42,2201,16167,1302,6
07:46:52,2145,16167,1301,6
07:47:03,2057,16167,1301,6
07:47:13,2222,16167,1301,6
07:47:23,2566,16167,1301,6
07:47:33,2046,16167,1301,6
07:47:44,2030,16167,1301,6
07:47:54,2189,16167,1301,6
07:48:04,2033,16167,1301,6
07:48:14,2127,16167,1301,6
07:48:24,1819,16167,1301,6
07:48:35,2131,16167,1301,6
07:48:45,2258,16167,1301,6
07:48:55,2513,16167,1301,6
07:49:05,2656,16167,1301,6
07:49:15,2553,16167,1301,6
07:49:26,2572,16167,1303,6
07:49:36,2347,16167,1306,6
07:49:46,2229,16167,1300,6
07:49:56,1995,16167,1297,6
07:50:07,2213,16167,1297,6
07:50:17,2299,16167,1297,6
07:50:27,2330,16167,1297,6
07:50:37,2271,16167,1297,6
07:50:47,2460,16167,1297,6
07:50:58,2409,16167,1297,6
07:51:08,2416,16167,1309,6
07:51:18,2376,16167,1321,6
07:51:28,2399,16167,1324,6
07:51:39,2161,16167,1328,6
07:51:49,2308,16167,1350,6
07:51:59,2412,16167,1353,6
07:52:09,2348,16167,1357,6
07:52:19,2307,16167,1361,6
07:52:30,2293,16167,1364,6
07:52:40,2314,16167,1368,6
07:52:50,2306,16167,1372,6
07:53:00,2253,16167,1375,6
07:53:10,2589,16167,1140,6
07:53:20,2529,16167,1143,6
07:53:31,2586,16167,1149,6
07:53:41,2562,16167,1156,6
07:53:51,2461,16167,1160,6
07:54:01,2483,16167,1213,6
07:54:11,2562,16167,1240,6
07:54:22,2553,16167,1249,6
07:54:32,2678,16167,1255,6
07:54:42,2693,16167,1262,6
07:54:52,2693,16167,1269,6
07:55:02,2684,16167,1275,6
07:55:13,2606,16167,1281,6
07:55:23,2524,16167,1352,6
07:55:33,2458,16167,1367,6
07:55:43,2569,16167,1378,6
07:55:53,2490,16167,1388,6
07:56:03,2550,16167,1398,6
07:56:14,2593,16167,1408,6
07:56:24,2571,16167,1418,6
07:56:34,2543,16167,1427,6
07:56:44,2560,16167,1435,6
07:56:54,2533,16167,1444,6
07:57:05,2521,16167,1453,6
07:57:15,2410,16167,1462,6
07:57:25,2282,16167,1470,6
07:57:35,2280,16167,1478,6
07:57:45,2464,16167,1344,6
07:57:56,2451,16167,1356,6
07:58:06,2452,16167,1365,6
07:58:16,2701,16167,1220,6
07:58:26,2781,16167,1229,6
07:58:37,2757,16167,1238,6
07:58:47,2799,16167,1244,6
07:58:57,2855,16167,1257,6
07:59:07,2823,16167,1268,6
07:59:17,2753,16167,1280,6
07:59:27,2752,16167,1293,6
07:59:38,2759,16167,1299,6
07:59:48,2740,16167,1305,6
07:59:58,2634,16167,1312,6
08:00:08,2644,16167,1320,6
08:00:18,2646,16167,1328,6
08:00:29,2651,16167,1337,6
08:00:39,2562,16167,1390,6
08:00:49,2620,16167,1290,6
08:00:59,2552,16167,1339,6
08:01:09,2653,16167,1253,6
08:01:20,2547,16167,1253,6
08:01:30,2539,16167,1253,6
08:01:40,2641,16167,1253,6
08:01:50,2647,16167,1253,6
08:02:00,2620,16167,1253,6
08:02:12,2161,16167,1253,6
08:02:22,2632,16167,16,2
08:02:32,2410,16167,16,2
08:02:43,2549,16167,16,2
